{
    "dataset_info": {
        "rows": 2200,
        "columns": 8,
        "schema": {
            "N": "Int64",
            "P": "Int64",
            "K": "Int64",
            "temperature": "Float64",
            "humidity": "Float64",
            "ph": "Float64",
            "rainfall": "Float64",
            "label": "String"
        }
    },
    "descriptive_statistics": {
        "N": {
            "mean": 50.551818181818184,
            "min": 0,
            "max": 140,
            "std": 36.91733383375661
        },
        "P": {
            "mean": 53.36272727272727,
            "min": 5,
            "max": 145,
            "std": 32.98588273858715
        },
        "K": {
            "mean": 48.14909090909091,
            "min": 5,
            "max": 205,
            "std": 50.64793054666013
        },
        "temperature": {
            "mean": 25.61624385177955,
            "min": 8.825674745,
            "max": 43.67549305,
            "std": 5.063748599958844
        },
        "humidity": {
            "mean": 71.48177921778635,
            "min": 14.25803981,
            "max": 99.98187601,
            "std": 22.26381158976108
        },
        "ph": {
            "mean": 6.469480065256364,
            "min": 3.504752314,
            "max": 9.93509073,
            "std": 0.7739376880298733
        },
        "rainfall": {
            "mean": 103.46365541576817,
            "min": 20.21126747,
            "max": 298.5601175,
            "std": 54.95838852487814
        }
    },
    "missing_value_analysis": {
        "N": {
            "missing_count": 0,
            "missing_percentage": 0.0
        },
        "P": {
            "missing_count": 0,
            "missing_percentage": 0.0
        },
        "K": {
            "missing_count": 0,
            "missing_percentage": 0.0
        },
        "temperature": {
            "missing_count": 0,
            "missing_percentage": 0.0
        },
        "humidity": {
            "missing_count": 0,
            "missing_percentage": 0.0
        },
        "ph": {
            "missing_count": 0,
            "missing_percentage": 0.0
        },
        "rainfall": {
            "missing_count": 0,
            "missing_percentage": 0.0
        },
        "label": {
            "missing_count": 0,
            "missing_percentage": 0.0
        }
    }
}